{
  "train_losses": [
    1.8632801775932313,
    1.4802851614952088,
    1.3771283330917359,
    1.3022871062755585,
    1.2453094441890717,
    1.2114701771736145,
    1.163416037082672,
    1.1353774757385253,
    1.1035446082353593,
    1.0777516512870788,
    1.0595975806713105,
    1.0353836489915849,
    1.0148011714220047,
    0.9904225784540176,
    0.970746794462204,
    0.9466883203983307,
    0.9218841633796692,
    0.9009490439891815,
    0.8734805150032043,
    0.8566599241495132,
    0.8346124541759491,
    0.8243624004125595,
    0.8185766897201538,
    0.8103522320389748,
    0.7956679930686951,
    0.7923762762546539,
    0.7765882391929626,
    0.7781921808719635,
    0.7730238775610924,
    0.7551880674958229,
    0.7611046166419982,
    0.7457198158502579,
    0.7446210577487945,
    0.7311368659734726,
    0.7345039602816105,
    0.7246245457530022,
    0.7206815195083618,
    0.7214930526614189,
    0.708136688888073,
    0.7062825245857238,
    0.6988798685073853,
    0.686370624601841,
    0.6893936332464218,
    0.6834420090317727,
    0.6798128818869591,
    0.6808232139348984,
    0.6749178826808929,
    0.6744387181997299,
    0.6722744262814522,
    0.6758054107427597
  ],
  "train_accs": [
    0.3427712352793786,
    0.4673014282134803,
    0.504885993485342,
    0.5497369080430969,
    0.5647707341518416,
    0.5933350037584565,
    0.6101227762465548,
    0.6201453269857179,
    0.6218992733650714,
    0.6344274617890253,
    0.6376847907792533,
    0.6434477574542721,
    0.6522174893510398,
    0.6637434227010774,
    0.6705086444500126,
    0.6807817589576547,
    0.691305437233776,
    0.6948133299924831,
    0.7088449010273115,
    0.7090954647957906,
    0.7203708343773491,
    0.7196191430719118,
    0.7273866198947632,
    0.7316462039589076,
    0.7374091706339263,
    0.7341518416436983,
    0.7454272112252568,
    0.7401653720871962,
    0.7424204460035079,
    0.7504384865948384,
    0.7386619894763218,
    0.7471811576046103,
    0.7546980706589828,
    0.7551991981959408,
    0.7549486344274617,
    0.761964419944876,
    0.7642194938611877,
    0.7577048358807317,
    0.7672262590829366,
    0.7674768228514157,
    0.7647206213981458,
    0.7699824605362064,
    0.7712352793786018,
    0.7769982460536207,
    0.7712352793786018,
    0.7737409170633927,
    0.7744926083688298,
    0.7800050112753696,
    0.7769982460536207,
    0.7762465547481834
  ],
  "test_accs": [
    0.29955947136563876,
    0.32599118942731276,
    0.3502202643171806,
    0.4063876651982379,
    0.42731277533039647,
    0.42070484581497797,
    0.42400881057268724,
    0.46145374449339205,
    0.4724669603524229,
    0.4801762114537445,
    0.47687224669603523,
    0.4988986784140969,
    0.5088105726872246,
    0.5220264317180616,
    0.5561674008810573,
    0.5539647577092511,
    0.5682819383259912,
    0.539647577092511,
    0.5958149779735683,
    0.5903083700440529,
    0.6090308370044053,
    0.6035242290748899,
    0.6178414096916299,
    0.6079295154185022,
    0.6090308370044053,
    0.6321585903083701,
    0.6189427312775331,
    0.6310572687224669,
    0.6332599118942731,
    0.6178414096916299,
    0.6343612334801763,
    0.6189427312775331,
    0.6398678414096917,
    0.6398678414096917,
    0.6431718061674009,
    0.6585903083700441,
    0.6420704845814978,
    0.6310572687224669,
    0.6431718061674009,
    0.6398678414096917,
    0.6409691629955947,
    0.6431718061674009,
    0.6442731277533039,
    0.6530837004405287,
    0.6519823788546255,
    0.6497797356828194,
    0.6629955947136564,
    0.6541850220264317,
    0.6563876651982379,
    0.6475770925110133
  ],
  "best_acc": 0.6629955947136564,
  "config": {
    "data_root": "data/graph_data",
    "batch_size": 16,
    "hidden_dim": 64,
    "num_classes": 10,
    "lr": 0.0008,
    "epochs": 50,
    "num_layers": 3,
    "curvature": 1.0,
    "weight_decay": "1e-4",
    "step_size": 20,
    "gamma": 0.5
  }
}